[{"username_":"none","ipPort_":"/127.0.0.1:55860","time_":"1000-10-10@12:32:25","message_":"Salve penitus, ego sum diluculo!"},{"username_":"iryil","ipPort_":"/127.0.0.1:55611","time_":"2024-02-14@18:14:35","message_":"Uhm what?"},{"username_":"none","ipPort_":"/127.0.0.1:55896","time_":"2024-02-16@17:53:36","message_":"Hi, I can speak english now!"},{"username_":"iryil","ipPort_":"/127.0.0.1:55863","time_":"2024-02-16@17:53:45","message_":"Oh, thats so cool."},{"username_":"none","ipPort_":"/127.0.0.1:55896","time_":"2024-02-16@17:53:59","message_":"Thanks. :)"}]